"Bill of Material for "
"On 2017/5/13 at 17:19:11"

"Comment","Pattern","Quantity","Components"

"","1608[0603]","9","C2, C4, C5, C6, C7, C8, C9, C10, C14",""
"","TSOP65P640X120-28N","1","U1",""
"100nF","1608[0603]","1","C52","Capacitor"
"1uF","1608[0603]","1","C53","Capacitor"
"ADR381(SOT-23)","SOT23","1","U15",""
"Battery","BAT-2","1","1","Multicell Battery"
"CAP POL","CAPMP3216X18N","2","C1, C23",""
"Cap","1608[0603]","38","C3, C11, C12, C13, C15, C16, C17, C18, C19, C20, C21, C22, C24, C25, C26, C27, C28, C29, C30, C31, C32, C33, C34, C35, C36, C37, C38, C39, C40, C41, C42, C43, C44, C45, C50, C51, C54, C55","Capacitor"
"Cap","C0805","4","C46, C47, C48, C49","Capacitor"
"CC5V-T1A_32.768KHZ","CC5V-T1A_32.768KHZ","2","X1, X2",""
"DEBUG","P1.25X6","1","J1",""
"DIAG","","1","P5","Header, 4-Pin, Right Angle"
"DS1302","DS1302","1","U4","Trickle Charge Timekeeping Chip"
"H4 1.25mm surface mount vertical","","3","P1, P2, P3",""
"Header 2","HDR1X2","1","P10","Header, 2-Pin"
"Header 4","","1","P6","Header, 4-Pin"
"Header 4","PCBComponent_1 - duplicate","1","P4","Header, 4-Pin"
"IS61WV102416BLL","TSOP48","1","U11",""
"Key","switch","1","K1",""
"LED0","LED0805","3","D5, D6, D7","Typical INFRARED GaAs LED"
"LM124D","lm124D","2","U2, U3","Amplifier"
"PC104","PC104","1","H1",""
"PCA9665PW","TSSOP20_L","2","U7, U8",""
"Res3","1608[0603]","100","R1, R2, R3, R4, R5, R6, R7, R8, R9, R10, R11, R12, R13, R14, R15, R16, R17, R18, R20, R21, R22, R24, R25, R26, R27, R29, R30, R31, R32, R33, R34, R35, R36, R37, R38, R39, R40, R41, R42, R43, R44, R45, R46, R47, R48, R50, R51, R52, R53, R54, R55, R56, R57, R58, R59, R60, R61, R62, R63, R64, R65, R66, R67, R68, R69, R70, R71, R72, R73, R74, R76, R77, R79, R80, R81, R82, R83, R84, R85, R86, R87, R88, R89, R90, R91, R92, R93, R94, R95, R96, R97, R98, R99, R100, R101, R102, R103, R104, R105, R106","Resistor"
"S29JL032J70TFI320","TSOP48","1","U12",""
"SD_slot","microSD","1","D4",""
"SMT12","FPC_1.25SMT_12","3","P7, P8, P9","MOLEX - 53398-1271,1.25mm"
"STM32F407ZGT6","LQFP144","1","U9",""
"TJA1050T","TJA1050----SOP127P600X175-8N","2","U5, U16",""
"TMP175-Q1","TMP175","1","U6",""
"TPS2553","SOT95P280X145-6N","2","U13, U14","PRECISIONADJUSTABLECURRENT-LIMITEDPOWER-DISTRIBUTIONSWITCHES"
"TPS3823-3.3","SOT23-5N","1","U10","Processor Supervisory Circuits"
"TXC-25MEEQ-T","TXC-25MEEQ-T","1","X3",""
